,precision,recall,f1-score,support
apple_pie,0.0,0.0,0.0,0.0
bread_pudding,0.0,0.0,0.0,0.0
churros,0.0,0.0,0.0,0.0
donuts,0.0,0.0,0.0,0.0
eggs_benedict,0.0,0.0,0.0,0.0
french_toast,0.0,0.0,0.0,0.0
pancakes,0.0,0.0,0.0,0.0
tiramisu,0.0,0.0,0.0,0.0
macro avg,0.1111111111111111,0.10533333333333333,0.108145106091718,250.0
accuracy,0.948,0.948,0.948,0.948
beignets,1.0,0.948,0.973305954825462,250.0
weighted avg,1.0,0.948,0.973305954825462,250.0
